title,link,image,lprice,hprice,mallName,productId,productType,brand,maker,category1,category2,category3,category4,query
탬버린즈 퍼퓸 쉘 엑스 핸드크림 카모 30ml,https://search.shopping.naver.com/gate.nhn?id=35706026619,https://shopping-phinf.pstatic.net/main_3570602/35706026619.20221108103424.jpg,27290,,네이버,35706026619,1,탬버린즈,정코스,화장품/미용,바디케어,핸드케어,,핸드크림
카밀 핸드 앤 네일 클래식 크림 100ml,https://search.shopping.naver.com/gate.nhn?id=6799239096,https://shopping-phinf.pstatic.net/main_6799239/6799239096.20210423100709.jpg,3580,,네이버,6799239096,1,카밀,카밀,화장품/미용,바디케어,핸드케어,,핸드크림
록시땅 시어 드라이 스킨 핸드 크림 150ml,https://search.shopping.naver.com/gate.nhn?id=13155402252,https://shopping-phinf.pstatic.net/main_1315540/13155402252.20220426090316.jpg,22000,,네이버,13155402252,1,록시땅,,화장품/미용,바디케어,핸드케어,,핸드크림
메르헨트 핸드크림 50ml x 4개입 1세트 퍼퓸 고보습 향기좋은 핸드로션 향좋은,https://search.shopping.naver.com/gate.nhn?id=87498518281,https://shopping-phinf.pstatic.net/main_8749851/87498518281.jpg,11900,,정품리테일,87498518281,2,메르헨트,,화장품/미용,바디케어,핸드케어,,핸드크림
록시땅 시어 버터 핸드 크림 30g,https://search.shopping.naver.com/gate.nhn?id=5478237110,https://shopping-phinf.pstatic.net/main_5478237/5478237110.20210511105645.jpg,11720,,네이버,5478237110,1,록시땅,록시땅,화장품/미용,바디케어,핸드케어,,핸드크림
카밀 핸드크림 미니 5종 세트,https://search.shopping.naver.com/gate.nhn?id=29935250621,https://shopping-phinf.pstatic.net/main_2993525/29935250621.20211203110647.jpg,8400,,네이버,29935250621,1,카밀,,화장품/미용,바디케어,핸드케어,,핸드크림
비욘드 클래식 핸드크림 딥모이스처 100ml,https://search.shopping.naver.com/gate.nhn?id=13246584152,https://shopping-phinf.pstatic.net/main_1324658/13246584152.20180112114045.jpg,6000,,네이버,13246584152,1,비욘드,엘지생활건강,화장품/미용,바디케어,핸드케어,,핸드크림
조 말론 런던 잉글리쉬 페어 앤 프리지아 핸드크림 50ml,https://search.shopping.naver.com/gate.nhn?id=22446328494,https://shopping-phinf.pstatic.net/main_2244632/22446328494.20200410103459.jpg,37900,,네이버,22446328494,1,조 말론 런던,조 말론 런던,화장품/미용,바디케어,핸드케어,,핸드크림
록시땅 시어 드라이 스킨 핸드 크림 75ml,https://search.shopping.naver.com/gate.nhn?id=17167523500,https://shopping-phinf.pstatic.net/main_1716752/17167523500.20201223150952.jpg,21050,,네이버,17167523500,1,록시땅,록시땅,화장품/미용,바디케어,핸드케어,,핸드크림
메디플라워 보니타 가든 핸드 크림 6종 세트,https://search.shopping.naver.com/gate.nhn?id=17279363154,https://shopping-phinf.pstatic.net/main_1727936/17279363154.20220414090318.jpg,9900,,네이버,17279363154,1,메디플라워,리얼코스,화장품/미용,바디케어,핸드케어,,핸드크림
이솝 레저렉션 아로마틱 핸드밤 75ml,https://search.shopping.naver.com/gate.nhn?id=8876163156,https://shopping-phinf.pstatic.net/main_8876163/8876163156.20220620165916.jpg,25870,,네이버,8876163156,1,이솝,에미이스코스메틱스,화장품/미용,바디케어,핸드케어,,핸드크림
조 말론 런던 피오니 앤 블러쉬 스웨이드 핸드 크림 50ml,https://search.shopping.naver.com/gate.nhn?id=22444963903,https://shopping-phinf.pstatic.net/main_2244496/22444963903.20200410093556.jpg,34400,,네이버,22444963903,1,조 말론 런던,조 말론 런던,화장품/미용,바디케어,핸드케어,,핸드크림
바이레도 블랑쉬 핸드 크림 30ml,https://search.shopping.naver.com/gate.nhn?id=9279134189,https://shopping-phinf.pstatic.net/main_9279134/9279134189.20160112153244.jpg,49110,,네이버,9279134189,1,바이레도,신세계인터네셔날,화장품/미용,바디케어,핸드케어,,핸드크림
록시땅 아몬드 딜리셔스 핸드 크림 30ml,https://search.shopping.naver.com/gate.nhn?id=9197591043,https://shopping-phinf.pstatic.net/main_9197591/9197591043.20200708110810.jpg,9270,,네이버,9197591043,1,록시땅,록시땅,화장품/미용,바디케어,핸드케어,,핸드크림
아카사 오로라 폴라리스 핸드밤 핸드크림 50ml,https://search.shopping.naver.com/gate.nhn?id=29519677619,https://shopping-phinf.pstatic.net/main_2951967/29519677619.20211108094502.jpg,21000,,네이버,29519677619,1,아카사,코스맥스,화장품/미용,바디케어,핸드케어,,핸드크림
탬버린즈 핸드크림 PUMKINI 15ml + FEY9 15ml,https://search.shopping.naver.com/gate.nhn?id=45719313621,https://shopping-phinf.pstatic.net/main_4571931/45719313621.20240208115102.jpg,33500,,네이버,45719313621,1,탬버린즈,,화장품/미용,바디케어,핸드케어,,핸드크림
탬버린즈 튜브 핸드크림 베인 65ml,https://search.shopping.naver.com/gate.nhn?id=32486820622,https://shopping-phinf.pstatic.net/main_3248682/32486820622.20220520172408.jpg,27500,,네이버,32486820622,1,탬버린즈,,화장품/미용,바디케어,핸드케어,,핸드크림
샤넬 라크렘망 핸드크림 50ml,https://search.shopping.naver.com/gate.nhn?id=13038713845,https://shopping-phinf.pstatic.net/main_1303871/13038713845.20171222103507.jpg,76350,,네이버,13038713845,1,샤넬,샤넬,화장품/미용,바디케어,핸드케어,,핸드크림
록시땅 시어버터 드라이 스킨 핸드크림 30ml + 체리 블라썸 핸드 크림 30ml,https://search.shopping.naver.com/gate.nhn?id=34361765618,https://shopping-phinf.pstatic.net/main_3436176/34361765618.20220830092359.jpg,23940,,네이버,34361765618,1,록시땅,엠엔엘,화장품/미용,바디케어,핸드케어,,핸드크림
닥터자르트 세라마이딘 핸드크림 100ml,https://search.shopping.naver.com/gate.nhn?id=22765098759,https://shopping-phinf.pstatic.net/main_2276509/22765098759.20221212181357.jpg,6890,,네이버,22765098759,1,닥터자르트,코스맥스,화장품/미용,바디케어,핸드케어,,핸드크림
논픽션 핸드크림 젠틀나잇 50ml,https://search.shopping.naver.com/gate.nhn?id=32864886625,https://shopping-phinf.pstatic.net/main_3286488/32864886625.20230118120623.jpg,20990,,네이버,32864886625,1,논픽션,한국화장품,화장품/미용,바디케어,핸드케어,,핸드크림
입생로랑 리브르 핸드 크림 리미티드 에디션 30ml,https://search.shopping.naver.com/gate.nhn?id=22790130857,https://shopping-phinf.pstatic.net/main_2279013/22790130857.20200508095704.jpg,31990,,네이버,22790130857,1,입생로랑,엘오케이,화장품/미용,바디케어,핸드케어,,핸드크림
록시땅 버베나 핸드 크림 75ml,https://search.shopping.naver.com/gate.nhn?id=13369873656,https://shopping-phinf.pstatic.net/main_1336987/13369873656.20180125101039.jpg,21700,,네이버,13369873656,1,록시땅,,화장품/미용,바디케어,핸드케어,,핸드크림
헉슬리 핸드 크림 모로칸 가드너 30ml,https://search.shopping.naver.com/gate.nhn?id=21300766930,https://shopping-phinf.pstatic.net/main_2130076/21300766930.20200317211242.jpg,11400,,네이버,21300766930,1,헉슬리,ANCORS,화장품/미용,바디케어,핸드케어,,핸드크림
탬버린즈 핸드 크림 000 65ml,https://search.shopping.naver.com/gate.nhn?id=27862158530,https://shopping-phinf.pstatic.net/main_2786215/27862158530.20210707112132.jpg,27360,,네이버,27862158530,1,탬버린즈,코스맥스,화장품/미용,바디케어,핸드케어,,핸드크림
탬버린즈 핸드크림 FEY9 65ml,https://search.shopping.naver.com/gate.nhn?id=30326255622,https://shopping-phinf.pstatic.net/main_3032625/30326255622.20211228125526.jpg,27500,,네이버,30326255622,1,탬버린즈,,화장품/미용,바디케어,핸드케어,,핸드크림
록시땅 시어 버터 핸드 크림 150ml,https://search.shopping.naver.com/gate.nhn?id=4071469612,https://shopping-phinf.pstatic.net/main_4071469/4071469612.20210415171728.jpg,24040,,네이버,4071469612,1,록시땅,록시땅,화장품/미용,바디케어,핸드케어,,핸드크림
바세린 핸드크림 500ml 2개 세트 대용량 24h 고보습 향좋은 핸드로션,https://search.shopping.naver.com/gate.nhn?id=12582301973,https://shopping-phinf.pstatic.net/main_1258230/12582301973.13.jpg,11900,,에스세이지,12582301973,2,바세린,사임당,화장품/미용,바디케어,핸드케어,,핸드크림
논픽션 상탈크림 핸드워시 300ml,https://search.shopping.naver.com/gate.nhn?id=28405950558,https://shopping-phinf.pstatic.net/main_2840595/28405950558.20210812171255.jpg,29400,,네이버,28405950558,1,논픽션,아우딘퓨쳐스,화장품/미용,바디케어,핸드케어,,핸드크림
뉴트로지나 인텐스 리페어 핸드크림 56g,https://search.shopping.naver.com/gate.nhn?id=24147686522,https://shopping-phinf.pstatic.net/main_2414768/24147686522.20210403165221.jpg,5240,,네이버,24147686522,1,뉴트로지나,존슨앤존슨,화장품/미용,바디케어,핸드케어,,핸드크림
퍼퓸 핸드크림 50ml 2개 / 더블유드레스룸 끈적임 없는 보습 핸드크림 1+1,https://search.shopping.naver.com/gate.nhn?id=82856688354,https://shopping-phinf.pstatic.net/main_8285668/82856688354.14.jpg,10900,,더블유 드레스룸,82856688354,2,더블유드레스룸,일진코스메틱,화장품/미용,바디케어,핸드케어,,핸드크림
록시땅 시어 버터 드라이 스킨 핸드 크림 150ml,https://search.shopping.naver.com/gate.nhn?id=38194994618,https://shopping-phinf.pstatic.net/main_3819499/38194994618.20230223093328.jpg,29000,,네이버,38194994618,1,록시땅,,화장품/미용,바디케어,핸드케어,,핸드크림
조 말론 런던 라임 바질 앤 만다린 핸드 크림 50ml,https://search.shopping.naver.com/gate.nhn?id=22434624980,https://shopping-phinf.pstatic.net/main_2243462/22434624980.20200409143628.jpg,37000,,네이버,22434624980,1,조 말론 런던,조 말론 런던,화장품/미용,바디케어,핸드케어,,핸드크림
논픽션 가이악 플라워 핸드크림 50ml,https://search.shopping.naver.com/gate.nhn?id=28407510555,https://shopping-phinf.pstatic.net/main_2840751/28407510555.20230130104554.jpg,21790,,네이버,28407510555,1,논픽션,한국화장품,화장품/미용,바디케어,핸드케어,,핸드크림
일리윤 세라마이드 무향 핸드크림 50ml,https://search.shopping.naver.com/gate.nhn?id=24534741530,https://shopping-phinf.pstatic.net/main_2453474/24534741530.20240321161347.jpg,6900,,네이버,24534741530,1,일리윤,아모레퍼시픽,화장품/미용,바디케어,핸드케어,,핸드크림
바세린 핸드크림 60ml 5개 대용량 고보습 퍼퓸 핸드로션 향 좋은 핸드앤네일,https://search.shopping.naver.com/gate.nhn?id=7277217446,https://shopping-phinf.pstatic.net/main_7277217/7277217446.5.jpg,8900,,메이크업아이,7277217446,2,바세린,유니레버,화장품/미용,바디케어,핸드케어,,핸드크림
논픽션 상탈크림 핸드크림 50ml,https://search.shopping.naver.com/gate.nhn?id=28406373557,https://shopping-phinf.pstatic.net/main_2840637/28406373557.20230214091755.jpg,22890,,네이버,28406373557,1,논픽션,한국화장품,화장품/미용,바디케어,핸드케어,,핸드크림
[선물포장 당일발송] 이솝 레저렉션 핸드크림 에이솝 핸드밤 아로마틱,https://search.shopping.naver.com/gate.nhn?id=83675595033,https://shopping-phinf.pstatic.net/main_8367559/83675595033.2.jpg,30880,,피기드림샵,83675595033,2,이솝,,화장품/미용,바디케어,핸드케어,,핸드크림
오킵스 워킹핸즈 핸드크림 튜브 타입 85g,https://search.shopping.naver.com/gate.nhn?id=28773653554,https://shopping-phinf.pstatic.net/main_2877365/28773653554.20210909121842.jpg,9900,,네이버,28773653554,1,오킵스,,화장품/미용,바디케어,핸드케어,,핸드크림
탬버린즈 카모 퍼퓸 쉘 엑스 핸드크림 15ml,https://search.shopping.naver.com/gate.nhn?id=44159036620,https://shopping-phinf.pstatic.net/main_4415903/44159036620.20231121114911.jpg,20500,,네이버,44159036620,1,탬버린즈,정코스,화장품/미용,바디케어,핸드케어,,핸드크림
메종마르지엘라 레이지 선데이 모닝 핸드크림 30ml,https://search.shopping.naver.com/gate.nhn?id=31634727619,https://shopping-phinf.pstatic.net/main_3163472/31634727619.20220406093308.jpg,32680,,네이버,31634727619,1,메종마르지엘라,메종마르지엘라,화장품/미용,바디케어,핸드케어,,핸드크림
탬버린즈 퍼퓸 쉘 엑스 핸드크림 버가샌달 30ml,https://search.shopping.naver.com/gate.nhn?id=35705097620,https://shopping-phinf.pstatic.net/main_3570509/35705097620.20221108101928.jpg,32000,,네이버,35705097620,1,탬버린즈,정코스,화장품/미용,바디케어,핸드케어,,핸드크림
카밀 핸드 앤 네일 클래식 크림 133ml,https://search.shopping.naver.com/gate.nhn?id=15004873359,https://shopping-phinf.pstatic.net/main_1500487/15004873359.20180809092954.jpg,4980,,네이버,15004873359,1,카밀,,화장품/미용,바디케어,핸드케어,,핸드크림
더프트앤도프트 소피소피 너리싱 핸드크림 50ml,https://search.shopping.naver.com/gate.nhn?id=22776702871,https://shopping-phinf.pstatic.net/main_2277670/22776702871.20220927102422.jpg,7150,,네이버,22776702871,1,더프트앤도프트,한국콜마,화장품/미용,바디케어,핸드케어,,핸드크림
논픽션 상탈크림 핸드로션 300ml,https://search.shopping.naver.com/gate.nhn?id=35341467621,https://shopping-phinf.pstatic.net/main_3534146/35341467621.20221020112156.jpg,29400,,네이버,35341467621,1,논픽션,논픽션,화장품/미용,바디케어,핸드케어,,핸드크림
1+1 살림백서 핸드크림 로션 300ml 퍼퓸 대용량 향좋은 고보습 향기좋은 화이트머스크,https://search.shopping.naver.com/gate.nhn?id=83223679989,https://shopping-phinf.pstatic.net/main_8322367/83223679989.1.jpg,13900,,살림백서,83223679989,2,살림백서,,화장품/미용,바디케어,핸드케어,,핸드크림
카밀핸드크림 클래식 30ml 미니 고보습 로션,https://search.shopping.naver.com/gate.nhn?id=82518647081,https://shopping-phinf.pstatic.net/main_8251864/82518647081.7.jpg,1950,,로맨틱퍼퓸,82518647081,2,카밀,카밀,화장품/미용,바디케어,핸드케어,,핸드크림
허바신 카밀 소프트 핸드 크림 75ml,https://search.shopping.naver.com/gate.nhn?id=5528237709,https://shopping-phinf.pstatic.net/main_5528237/5528237709.20200106110608.jpg,3570,,네이버,5528237709,1,허바신,허바신,화장품/미용,바디케어,핸드케어,,핸드크림
비욘드 땡큐 에디션 클래식 핸드크림 3종 세트,https://search.shopping.naver.com/gate.nhn?id=30328088621,https://shopping-phinf.pstatic.net/main_3032808/30328088621.20211228151308.jpg,8340,,네이버,30328088621,1,비욘드,엘지생활건강,화장품/미용,바디케어,핸드케어,,핸드크림
록시땅 체리 블라썸 소프트 핸드 크림 75ml,https://search.shopping.naver.com/gate.nhn?id=7518643824,https://shopping-phinf.pstatic.net/main_7518643/7518643824.20140225111242.jpg,21640,,네이버,7518643824,1,록시땅,,화장품/미용,바디케어,핸드케어,,핸드크림
뉴트로지나 인텐스 리페어 시카 핸드크림 56g,https://search.shopping.naver.com/gate.nhn?id=36043104618,https://shopping-phinf.pstatic.net/main_3604310/36043104618.20221123120455.jpg,6660,,네이버,36043104618,1,뉴트로지나,존슨앤존슨,화장품/미용,바디케어,핸드케어,,핸드크림
[1+1] 부케가르니 나드 펌프형 핸드로션 핸드크림 280ml 라벤더머스크 향,https://search.shopping.naver.com/gate.nhn?id=82616246321,https://shopping-phinf.pstatic.net/main_8261624/82616246321.7.jpg,13900,,부케가르니,82616246321,2,부케가르니,,화장품/미용,바디케어,핸드케어,,핸드크림
메디플라워 델리카 핸드크림 5종세트,https://search.shopping.naver.com/gate.nhn?id=29240951618,https://shopping-phinf.pstatic.net/main_2924095/29240951618.20231219175639.jpg,6900,,네이버,29240951618,1,메디플라워,코빅스,화장품/미용,바디케어,핸드케어,,핸드크림
엠디스픽 드 바리스타 무향 핸드크림 울트라 300g,https://search.shopping.naver.com/gate.nhn?id=45849175621,https://shopping-phinf.pstatic.net/main_4584917/45849175621.20240216180048.jpg,26910,,네이버,45849175621,1,엠디스픽,코스메카코리아,화장품/미용,바디케어,핸드케어,,핸드크림
록시땅 에르베 핸드 크림 30ml,https://search.shopping.naver.com/gate.nhn?id=21040386608,https://shopping-phinf.pstatic.net/main_2104038/21040386608.20191008113019.jpg,11970,,네이버,21040386608,1,록시땅,,화장품/미용,바디케어,핸드케어,,핸드크림
엠디스픽 드 바리스타 무향 핸드크림 대용량 펌핑 300g,https://search.shopping.naver.com/gate.nhn?id=86795118133,https://shopping-phinf.pstatic.net/main_8679511/86795118133.4.jpg,25900,,엠디스픽 직영샵,86795118133,2,엠디스픽,코스메카코리아,화장품/미용,바디케어,핸드케어,,핸드크림
아비노 스킨 릴리프 핸드 크림 100g,https://search.shopping.naver.com/gate.nhn?id=6659369504,https://shopping-phinf.pstatic.net/main_6659369/6659369504.20230927151948.jpg,7180,,네이버,6659369504,1,아비노,존슨앤존슨,화장품/미용,바디케어,핸드케어,,핸드크림
르라보 포마드 핸드 크림 히노키 히노끼 55ml,https://search.shopping.naver.com/gate.nhn?id=82649856177,https://shopping-phinf.pstatic.net/main_8264985/82649856177.1.jpg,35900,,멜리라운지,82649856177,2,르라보,,화장품/미용,바디케어,핸드케어,,핸드크림
DIOR 쟈도르 핸드크림 50ml,https://search.shopping.naver.com/gate.nhn?id=46403669618,https://shopping-phinf.pstatic.net/main_4640366/46403669618.20240314120420.jpg,70220,,네이버,46403669618,1,DIOR,DIOR,화장품/미용,바디케어,핸드케어,,핸드크림
엠디스픽 드 바리스타 무향 선 쉴드 핸드크림 50g(SPF50+),https://search.shopping.naver.com/gate.nhn?id=45830454618,https://shopping-phinf.pstatic.net/main_4583045/45830454618.20240216122959.jpg,14310,,네이버,45830454618,1,엠디스픽,아우딘퓨쳐스,화장품/미용,바디케어,핸드케어,,핸드크림
록시땅 버베나 핸드 크림 30ml,https://search.shopping.naver.com/gate.nhn?id=7051683543,https://shopping-phinf.pstatic.net/main_7051683/7051683543.20130807171803.jpg,11400,,네이버,7051683543,1,록시땅,,화장품/미용,바디케어,핸드케어,,핸드크림
메디플라워 더 시크릿 가든 핸드크림 5종 세트,https://search.shopping.naver.com/gate.nhn?id=10279662547,https://shopping-phinf.pstatic.net/main_1027966/10279662547.20171103143209.jpg,6900,,네이버,10279662547,1,메디플라워,리얼코스,화장품/미용,바디케어,핸드케어,,핸드크림
[Rosemine] 로즈마인 퍼퓸드 고보습 핸드크림 핸드로션 60ml,https://search.shopping.naver.com/gate.nhn?id=8364993282,https://shopping-phinf.pstatic.net/main_8364993/8364993282.4.jpg,990,,에바스코스메틱,8364993282,2,로즈마인,에바스코스메틱,화장품/미용,바디케어,핸드케어,,핸드크림
탬버린즈 퍼퓸 쉘 엑스 핸드크림 라레 30ml,https://search.shopping.naver.com/gate.nhn?id=35706916618,https://shopping-phinf.pstatic.net/main_3570691/35706916618.20221108103625.jpg,32000,,네이버,35706916618,1,탬버린즈,정코스,화장품/미용,바디케어,핸드케어,,핸드크림
조 말론 런던 우드 세이지 앤 씨 솔트 핸드 크림 50ml,https://search.shopping.naver.com/gate.nhn?id=37568555621,https://shopping-phinf.pstatic.net/main_3756855/37568555621.20230201105947.jpg,39330,,네이버,37568555621,1,조 말론 런던,이엘씨에이한국,화장품/미용,바디케어,핸드케어,,핸드크림
바이존 바세린 핸드크림 핸드로션 고보습 대용량 500ml 2개+60ml 2개,https://search.shopping.naver.com/gate.nhn?id=80854911184,https://shopping-phinf.pstatic.net/main_8085491/80854911184.12.jpg,11400,,플러스미,80854911184,2,바세린,,화장품/미용,바디케어,핸드케어,,핸드크림
닥터자르트 세라마이딘 핸드크림 50ml,https://search.shopping.naver.com/gate.nhn?id=22764333739,https://shopping-phinf.pstatic.net/main_2276433/22764333739.20200506124151.jpg,7490,,네이버,22764333739,1,닥터자르트,코스맥스,화장품/미용,바디케어,핸드케어,,핸드크림
브로이코스메틱 핸드아머 핸드크림 70ml,https://search.shopping.naver.com/gate.nhn?id=17074574255,https://shopping-phinf.pstatic.net/main_1707457/17074574255.20230303090635.jpg,15460,,네이버,17074574255,1,브로이코스메틱,그린코스,화장품/미용,바디케어,핸드케어,,핸드크림
디올뷰티 미스 디올 로즈 핸드 크림 50ml,https://search.shopping.naver.com/gate.nhn?id=13138297024,https://shopping-phinf.pstatic.net/main_1313829/13138297024.20180103101335.jpg,43600,,네이버,13138297024,1,디올뷰티,DIOR,화장품/미용,바디케어,핸드케어,,핸드크림
록시땅 체리 블라썸 소프트 핸드 크림 30ml,https://search.shopping.naver.com/gate.nhn?id=5393706257,https://shopping-phinf.pstatic.net/main_5393706/5393706257.20130325104312.jpg,11400,,네이버,5393706257,1,록시땅,,화장품/미용,바디케어,핸드케어,,핸드크림
템버린즈 탬버린즈 핸드크림 TAMBURINS 퍼퓸 선물세트 포장 000 15ml,https://search.shopping.naver.com/gate.nhn?id=83860208997,https://shopping-phinf.pstatic.net/main_8386020/83860208997.7.jpg,21500,,햇님달님마켓,83860208997,2,탬버린즈,,화장품/미용,바디케어,핸드케어,,핸드크림
샤넬 르 리프트 라 크렘 망 핸드크림 50ml,https://search.shopping.naver.com/gate.nhn?id=22434945647,https://shopping-phinf.pstatic.net/main_2243494/22434945647.20200409150330.jpg,58500,,네이버,22434945647,1,샤넬,샤넬,화장품/미용,바디케어,핸드케어,,핸드크림
아트릭스 스트롱 프로텍션 핸드 크림 250g,https://search.shopping.naver.com/gate.nhn?id=4144792324,https://shopping-phinf.pstatic.net/main_4144792/4144792324.20220420143249.jpg,9090,,네이버,4144792324,1,아트릭스,바이어스도르프,화장품/미용,바디케어,핸드케어,,핸드크림
과일나라 내손가득 여린씨앗 핸드크림 100g,https://search.shopping.naver.com/gate.nhn?id=23879156524,https://shopping-phinf.pstatic.net/main_2387915/23879156524.20200824110734.jpg,3090,,네이버,23879156524,1,과일나라,웰코스,화장품/미용,바디케어,핸드케어,,핸드크림
푸드어홀릭 콜라겐 모이스처 핸드크림 100ml,https://search.shopping.naver.com/gate.nhn?id=12995929648,https://shopping-phinf.pstatic.net/main_1299592/12995929648.20171215145253.jpg,3610,,네이버,12995929648,1,푸드어홀릭,,화장품/미용,바디케어,핸드케어,,핸드크림
바이레도 라 튤립 핸드 크림 30ml,https://search.shopping.naver.com/gate.nhn?id=11379670781,https://shopping-phinf.pstatic.net/main_1137967/11379670781.20170419135540.jpg,48340,,네이버,11379670781,1,바이레도,신세계인터네셔날,화장품/미용,바디케어,핸드케어,,핸드크림
탬버린즈 퍼퓸 쉘 엑스 핸드크림 펌키니 30ml,https://search.shopping.naver.com/gate.nhn?id=44158768618,https://shopping-phinf.pstatic.net/main_4415876/44158768618.20231121111807.jpg,31990,,네이버,44158768618,1,탬버린즈,정코스,화장품/미용,바디케어,핸드케어,,핸드크림
BBW 배쓰앤바디웍스 핸드크림 29ml,https://search.shopping.naver.com/gate.nhn?id=86316193919,https://shopping-phinf.pstatic.net/main_8631619/86316193919.jpg,4200,,러브엘에이,86316193919,2,배스앤바디웍스,배스앤바디웍스,화장품/미용,바디케어,핸드케어,,핸드크림
바이레도 발다프리크 핸드크림 30ml,https://search.shopping.naver.com/gate.nhn?id=13091864857,https://shopping-phinf.pstatic.net/main_1309186/13091864857.20171228100222.jpg,44410,,네이버,13091864857,1,바이레도,,화장품/미용,바디케어,핸드케어,,핸드크림
로라메르시에 앰버 바닐라 핸드크림 50ml,https://search.shopping.naver.com/gate.nhn?id=12744736665,https://shopping-phinf.pstatic.net/main_1274473/12744736665.20171120102200.jpg,29180,,네이버,12744736665,1,로라메르시에,,화장품/미용,바디케어,핸드케어,,핸드크림
딥티크 핸드크림 도손 45ml,https://search.shopping.naver.com/gate.nhn?id=26758601524,https://shopping-phinf.pstatic.net/main_2675860/26758601524.20210414133819.jpg,52000,,네이버,26758601524,1,딥티크,씨씨아이알앤디,화장품/미용,바디케어,핸드케어,,핸드크림
록시땅 로즈 핸드크림 150ml,https://search.shopping.naver.com/gate.nhn?id=31888618620,https://shopping-phinf.pstatic.net/main_3188861/31888618620.20220418145931.jpg,26260,,네이버,31888618620,1,록시땅,록시땅,화장품/미용,바디케어,핸드케어,,핸드크림
스위스유스트 카모마일 핸드크림 100ml,https://search.shopping.naver.com/gate.nhn?id=22834534427,https://shopping-phinf.pstatic.net/main_2283453/22834534427.20200512101301.jpg,34400,,네이버,22834534427,1,스위스유스트,스위스유스트,화장품/미용,바디케어,핸드케어,,핸드크림
록시땅 아몬드 딜리셔스 핸드 크림 75ml,https://search.shopping.naver.com/gate.nhn?id=12745844991,https://shopping-phinf.pstatic.net/main_1274584/12745844991.20171120112918.jpg,23290,,네이버,12745844991,1,록시땅,,화장품/미용,바디케어,핸드케어,,핸드크림
카밀 핸드 앤 네일 미니 클래식 크림 30ml,https://search.shopping.naver.com/gate.nhn?id=13038699851,https://shopping-phinf.pstatic.net/main_1303869/13038699851.20171222104422.jpg,3990,,네이버,13038699851,1,카밀,카밀,화장품/미용,바디케어,핸드케어,,핸드크림
[2+1]라피네르 넥 앤 핸드크림 코롱 고체 향수 퍼퓸 바디로션 30ml,https://search.shopping.naver.com/gate.nhn?id=87532671846,https://shopping-phinf.pstatic.net/main_8753267/87532671846.2.jpg,12800,,RAFFINEUR,87532671846,2,라피네르,나우코스,화장품/미용,바디케어,핸드케어,,핸드크림
아트릭스 스트롱 프로텍션 크림 75ml,https://search.shopping.naver.com/gate.nhn?id=4138297507,https://shopping-phinf.pstatic.net/main_4138297/4138297507.20210315141400.jpg,4220,,네이버,4138297507,1,아트릭스,바이어스도르프,화장품/미용,바디케어,핸드케어,,핸드크림
논픽션 핸드크림 미니 3종세트,https://search.shopping.naver.com/gate.nhn?id=38470842619,https://shopping-phinf.pstatic.net/main_3847084/38470842619.20230307143726.jpg,39000,,네이버,38470842619,1,논픽션,논픽션,화장품/미용,바디케어,핸드케어,,핸드크림
헉슬리 베르베르 포트레이트 퍼퓸 핸드크림 30ml,https://search.shopping.naver.com/gate.nhn?id=28790371559,https://shopping-phinf.pstatic.net/main_2879037/28790371559.20210910162257.jpg,12900,,네이버,28790371559,1,헉슬리,ANCORS,화장품/미용,바디케어,핸드케어,,핸드크림
록시땅 시어버터 핸드크림&amp;립 밤 듀오 세트 기프트 쇼핑백무료 기념일선물 선물세트 록시탕,https://search.shopping.naver.com/gate.nhn?id=83418658896,https://shopping-phinf.pstatic.net/main_8341865/83418658896.4.jpg,22400,,HouseOn,83418658896,2,록시땅,록시땅,화장품/미용,바디케어,핸드케어,,핸드크림
오피신유니버셀불리 포마드 콘크레뜨 핸드크림 75ml,https://search.shopping.naver.com/gate.nhn?id=17452832414,https://shopping-phinf.pstatic.net/main_1745283/17452832414.20220225113302.jpg,52870,,네이버,17452832414,1,오피신유니버셀불리,,화장품/미용,바디케어,핸드케어,,핸드크림
바이레도 모하비고스트 핸드 크림 30ml,https://search.shopping.naver.com/gate.nhn?id=12745835533,https://shopping-phinf.pstatic.net/main_1274583/12745835533.20171120112723.jpg,44416,,네이버,12745835533,1,바이레도,,화장품/미용,바디케어,핸드케어,,핸드크림
[백화점상품] 조말론 핸드 크림 잉글리쉬페어앤프리지아 50ml,https://search.shopping.naver.com/gate.nhn?id=82791634894,https://shopping-phinf.pstatic.net/main_8279163/82791634894.3.jpg,34800,,뷰티룩,82791634894,2,조 말론 런던,,화장품/미용,바디케어,핸드케어,,핸드크림
딥티크 핸드크림 플레르드뽀 45ml,https://search.shopping.naver.com/gate.nhn?id=26758642522,https://shopping-phinf.pstatic.net/main_2675864/26758642522.20210414134636.jpg,61970,,네이버,26758642522,1,딥티크,씨씨아이알앤디,화장품/미용,바디케어,핸드케어,,핸드크림
록시땅 라벤더 핸드 크림 30ml,https://search.shopping.naver.com/gate.nhn?id=4152428836,https://shopping-phinf.pstatic.net/main_4152428/4152428836.20130311122534.jpg,10990,,네이버,4152428836,1,록시땅,,화장품/미용,바디케어,핸드케어,,핸드크림
엠디스픽 바리스타 핸드크림 250g,https://search.shopping.naver.com/gate.nhn?id=21916345261,https://shopping-phinf.pstatic.net/main_2191634/21916345261.20200207115649.jpg,20100,,네이버,21916345261,1,엠디스픽,코스메카코리아,화장품/미용,바디케어,핸드케어,,핸드크림
카밀 핸드 앤 네일 인텐시브 크림 100ml,https://search.shopping.naver.com/gate.nhn?id=5770661498,https://shopping-phinf.pstatic.net/main_5770661/5770661498.20211027115157.jpg,4500,,네이버,5770661498,1,카밀,카밀,화장품/미용,바디케어,핸드케어,,핸드크림
록시땅 핸드 크림 8종 세트,https://search.shopping.naver.com/gate.nhn?id=17279367957,https://shopping-phinf.pstatic.net/main_1727936/17279367957.20220412170615.jpg,45100,,네이버,17279367957,1,록시땅,록시땅,화장품/미용,바디케어,핸드케어,,핸드크림
헉슬리 핸드 크림 블루 메디나 탠저린 30ml,https://search.shopping.naver.com/gate.nhn?id=22446730475,https://shopping-phinf.pstatic.net/main_2244673/22446730475.20200410120049.jpg,12400,,네이버,22446730475,1,헉슬리,ANCORS,화장품/미용,바디케어,핸드케어,,핸드크림
록시땅 로즈 핸드 크림 30ml,https://search.shopping.naver.com/gate.nhn?id=21411057525,https://shopping-phinf.pstatic.net/main_2141105/21411057525.20191129123714.jpg,12400,,네이버,21411057525,1,록시땅,,화장품/미용,바디케어,핸드케어,,핸드크림
